<!-- Copyright 2013 Alex Epshteyn (alex@typeracer.com) -->

<module rename-to="stdemo">
  <inherits name="com.google.gwt.user.User"/>
  <inherits name="com.google.gwt.core.PreserveStackTraces"/>

  <entry-point class="com.google.gwt.sample.stacktrace.client.HelloGwtStackTraces"/>

  <servlet path="/stackTraceDeobfuscationService"
           class="com.google.gwt.sample.stacktrace.server.StackTraceDeobfuscationServlet"/>

  <!-- If you want to only get accurate stack traces in Chrome (with no overhead), uncomment  the following lines -->
  <!--<set-property name="compiler.stackMode" value="native"/>-->
  <!--<set-property name="compiler.useSourceMaps" value="true">-->
    <!--<when-property-is name="user.agent" value="safari"/>-->
  <!--</set-property>-->
  <!--<set-property name="chromeWithColNumbers" value="false"/>-->

</module>
